"bic","no.param","treatment"
48.0479237402084,2,1
265.247643982182,2,2
146.020557431657,2,3
169.035553662806,2,4
121.245975949587,2,5
105.306015871829,2,6
