"logLi","bic","no.param","treatment"
-9.66812929257927,41.0006601939762,2,1
-64.5867777703193,150.837957149456,2,2
-32.967266400816,87.5989344104497,2,3
-54.6913637458678,131.047129100553,2,4
-50.6175271828513,122.89945597452,2,5
-70.8338639367443,163.332129482306,2,1
