"bic","no.param","treatment"
39.2576013408259,3,1
175.517383205664,3,2
97.7759088354362,3,3
