"bic","no.param","treatment"
30.1743901453909,2,1
148.557621290745,2,2
102.318050062838,2,3
