Room,g1,g1.se,Tgrowth,JVr,alpha,alpha.se,Vcmax25,Vcmax25.se,Jmax25
1,5.533215974,0.900009106,18,1.78,0.306693766,0.069865292,72.39300158,8.60509178,128.8595428
2,10.73369966,0.860859111,21.5,1.645,0.349050318,0.042920237,102.6987833,6.768210276,168.9394985
3,10.84206053,0.72944214,25,1.57,0.348060595,0.073011717,127.6514206,17.64314612,200.4127304
4,10.01882619,1.745690451,28.5,1.465,0.395213873,0.047575028,147.2505794,4.794620141,215.7220989
5,18.24602845,1.042405347,32,1.345,0.346951934,0.041039257,159.5211125,6.483373542,214.5558964
6,29.04212465,4.575360101,35.5,1.255,0.304404934,0.042638479,170.2077083,3.976740774,213.610674
