Room,g1,g1.se,alpha.mean,alpha.std.error,Vcmax25,EaV,delsV,Jmax25,EaJ,delsJ,Tgrowth
1,1.57806577,0.213545603,0.180140486,0.004088271,115.034589,58.87154145,0.629270353,210.6503509,42.74635218,0.631284905,18
2,7.696246507,0.602325372,0.202626459,0.004926783,92.36138812,58.87154145,0.629270353,150.6005765,42.74635218,0.631284905,22.5
3,6.34457241,0.213016898,0.192818235,0.005963305,81.69111007,57.71166846,0.628845159,124.8145248,42.74635218,0.631284905,25
4,8.783680411,0.915210093,0.194766073,0.003985438,69.06385435,57.71166846,0.628845159,97.80397329,32.6727706,0.624974015,28.5
5,16.45267095,0.932335542,0.159208011,0.003433803,57.93432434,82.5470574,0.632541885,79.92037273,50.99755384,0.63093792,32.5
6,15.43491269,1.573407431,0.135661922,0.002601546,51.8983104,82.5470574,0.632541885,75.59759316,50.99755384,0.63093792,35.5
