"Room","TleafFac","JVr","Tgrowth"
1,"3",1.77369908934651,18
4,"3",1.43417145836712,28.5
6,"3",1.43469245584551,35.5
