"g1","g1.se","Room","Tgrowth"
1.57806576951101,0.213545603065171,1,18
7.69624650696729,0.602325372316045,2,21.5
6.34457241018802,0.213016898184476,3,25
8.78368041106877,0.915210093301141,4,28.5
16.4526709508998,0.932335542142308,5,32
15.4349126883096,1.57340743086556,6,35.5
