"Room","g1","g1.se","Tgrowth","EaV","delsV","EaJ","delsJ","JVr","alpha","alpha.se","Vcmax25","Vcmax25.se","tair","Campaign","Jmax25"
1,1.57806577,0.213545603,18,58.8715414480135,0.629270353489272,42.7463521793887,0.631284905227567,1.83119140726159,0.205283329819739,0.0139764782308198,89.7605047625003,2.30373704807001,17.8845466871875,1,164.368665032554
2,7.696246507,0.602325372,21.5,58.8715414480135,0.629270353489272,42.7463521793887,0.631284905227567,1.678435,0.276265189384213,0.0132002501073845,91.477451210245,1.62706084967336,23.0501827594792,1,153.538955822067
3,6.34457241,0.213016898,25,57.7116684609242,0.628845158791358,32.672770601723,0.624974014970086,1.62136,0.256546631845028,0.0148839389476871,88.687558711394,2.35773052015673,27.8288665890502,1,143.794460192306
4,8.783680411,0.915210093,28.5,57.7116684609242,0.628845158791358,32.672770601723,0.624974014970086,1.41613835777731,0.301708892051296,0.0148768181510398,94.7935676491342,2.03572640568926,31.4016028918681,1,134.240807218497
5,16.45267095,0.932335542,32,82.5470573969027,0.63254188507317,50.9975538362866,0.630937919724028,1.450135,0.256403836787422,0.0106966399113287,59.8576731681158,1.14538742016438,36.6978517770833,1,86.8017068796456
6,15.43491269,1.573407431,35.5,82.5470573969027,0.63254188507317,50.9975538362866,0.630937919724028,1.45664844531211,0.248552330365638,0.011391907065248,55.2407610957514,1.1154246020007,40.8086077370833,1,80.4663687679841
