Room,Vcmax25,Jmax25
1,115.034589,210.6503509
4,69.06385435,97.80397329
6,51.8983104,75.59759316
2,92.36138812,150.6005765
3,81.69111007,124.8145248
5,57.93432434,79.92037273
