"Room","g1","g1.se","EaV","delsV","EaJ","delsJ","JVr","alpha","alpha.se","Vcmax25","Vcmax25.se","tair","Campaign","Jmax25"
1,1.57806577,0.213545603,58.8715414480135,0.629270353489272,42.7463521793887,0.631284905227567,1.83119140726159,0.201532609391055,0.0120125564350749,88.4668523864765,2.00524839110587,17.9765811191406,1,161.999739917596
2,7.696246507,0.602325372,58.8715414480135,0.629270353489272,42.7463521793887,0.631284905227567,1.678435,0.276620931006731,0.0122190585376675,90.6138701984441,1.47119037155454,23.0165338514063,1,152.089491226526
3,6.34457241,0.213016898,57.7116684609242,0.628845158791358,32.672770601723,0.624974014970086,1.62136,0.262714919092154,0.0119307136328101,88.7545849427209,1.791210973417,27.8821425334524,1,143.90313384273
4,8.783680411,0.915210093,57.7116684609242,0.628845158791358,32.672770601723,0.624974014970086,1.41613835777731,0.296271569102075,0.0195791493503665,88.9918930513463,2.4384055126498,31.0715511344038,1,126.024833281227
5,16.45267095,0.932335542,82.5470573969027,0.63254188507317,50.9975538362866,0.630937919724028,1.450135,0.255075338578052,0.0130005081210881,56.7842008610641,1.26516286269034,36.4714343249219,1,82.3447571156592
6,15.43491269,1.573407431,82.5470573969027,0.63254188507317,50.9975538362866,0.630937919724028,1.45664844531211,0.249132369372565,0.0119032063259726,52.2696177638634,1.02836830264204,40.5093396155078,1,76.1384574527898
