"Room","alpha","alpha.se"
1,0.273678636141745,0.00654946044634969
2,0.299306964698159,0.00747981809639489
3,0.324929563943986,0.0112435600320873
4,0.362407769906018,0.00828714255125881
5,0.312857565891529,0.00782979643398608
6,0.295708897760748,0.00689861986756122
