"R_leaf","R_root","R_stem","R_leaf_se","R_root_se","R_stem_se","Room"
0.0366677247801874,0.0313763342104927,0.032731662511669,0.00314701878627351,0.00284070054596915,0.00236579890514226,1
0.0366301340001806,0.030045840431941,0.034728269653715,0.00242865572389906,0.001976095396419,0.00254861897601767,2
0.0332269264257957,0.0256706976123604,0.0252821111739915,0.00241087244283469,0.00091783249703532,0.00352115002654093,3
0.0407367869458679,0.0322329079669096,0.0372389571745856,0.00316208001854694,0.00245106884005813,0.00639461749940453,4
0.0537020833512811,0.042842278560157,0.0349359713421156,0.00331172062668937,0.00233161892672372,0.00136607403088505,5
0.0610175754394838,0.053684162978833,0.0375470438374637,0.00329598835895851,0.00463382303177422,0.00228208532720222,6
