"g1","g1.se","Room","Tgrowth"
4.81639148570031,0.403522468096593,1,18
8.36004619155259,0.626503849821421,4,28.5
10.3320269167734,1.01629746893842,6,35.5
